{
    "mean_point_size": 3.3561285734176636, 
    "standard_scale_distance": 23.587019182760905
}